{
	 "rootnode": {
		 "name": "RootNode"
		,"transformation": [
			 1
			,0
			,0
			,0
			,0
			,1
			,0
			,0
			,0
			,0
			,1
			,0
			,0
			,0
			,0
			,1
		]
		,"children": [
			{
				 "name": "Cube"
				,"transformation": [
					 100
					,0
					,0
					,0
					,0
					,-4.37114e-06
					,100
					,0
					,0
					,-100
					,-4.37114e-06
					,0
					,0
					,0
					,0
					,1
				]
				,"meshes": [
					 0
				]
			}
		]
	}
	,"flags": 8
	,"meshes": [
		{
			 "name": "Cube"
			,"materialindex": 0
			,"primitivetypes": 4
			,"vertices": [
				 1
				,1
				,-1
				,1
				,-1
				,-1
				,-1
				,-1
				,-1
				,-1
				,1
				,-1
				,1
				,0.999999
				,1
				,-1
				,1
				,1
				,-1
				,-1
				,1
				,0.999999
				,-1
				,1
				,1
				,1
				,-1
				,1
				,0.999999
				,1
				,0.999999
				,-1
				,1
				,1
				,-1
				,-1
				,1
				,-1
				,-1
				,0.999999
				,-1
				,1
				,-1
				,-1
				,1
				,-1
				,-1
				,-1
				,-1
				,-1
				,-1
				,-1
				,-1
				,1
				,-1
				,1
				,1
				,-1
				,1
				,-1
				,1
				,0.999999
				,1
				,1
				,1
				,-1
				,-1
				,1
				,-1
				,-1
				,1
				,1
			]
			,"normals": [
				 0
				,0
				,-1
				,0
				,0
				,-1
				,0
				,0
				,-1
				,0
				,0
				,-1
				,2.98023e-08
				,0
				,1
				,2.98023e-08
				,0
				,1
				,2.98023e-08
				,0
				,1
				,2.98023e-08
				,0
				,1
				,1
				,-2.98023e-07
				,4.47034e-08
				,1
				,-2.98023e-07
				,4.47034e-08
				,1
				,-2.98023e-07
				,4.47034e-08
				,1
				,-2.98023e-07
				,4.47034e-08
				,-2.83122e-07
				,-1
				,-1.78814e-07
				,-2.83122e-07
				,-1
				,-1.78814e-07
				,-2.83122e-07
				,-1
				,-1.78814e-07
				,-2.83122e-07
				,-1
				,-1.78814e-07
				,-1
				,2.38419e-07
				,-1.3411e-07
				,-1
				,2.38419e-07
				,-1.3411e-07
				,-1
				,2.38419e-07
				,-1.3411e-07
				,-1
				,2.38419e-07
				,-1.3411e-07
				,2.38419e-07
				,1
				,1.63913e-07
				,2.38419e-07
				,1
				,1.63913e-07
				,2.38419e-07
				,1
				,1.63913e-07
				,2.38419e-07
				,1
				,1.63913e-07
			]
			,"tangents": [
				 -1.78814e-07
				,-1
				,0
				,0
				,-1
				,0
				,-1.78814e-07
				,-1
				,0
				,-1.78814e-07
				,-1
				,0
				,-1
				,4.76837e-07
				,2.98023e-08
				,-1
				,2.68221e-07
				,2.98023e-08
				,-1
				,4.76837e-07
				,2.98023e-08
				,-1
				,4.76837e-07
				,2.98023e-08
				,-4.47035e-08
				,-2.38419e-07
				,1
				,-4.47035e-08
				,-2.38418e-07
				,1
				,-4.47035e-08
				,-2.38419e-07
				,1
				,-4.47035e-08
				,-2.38419e-07
				,1
				,-2.38419e-07
				,-1.78814e-07
				,1
				,-3.27826e-07
				,-1.78814e-07
				,1
				,-2.38419e-07
				,-1.78814e-07
				,1
				,-2.38419e-07
				,-1.78814e-07
				,1
				,-1.3411e-07
				,-2.38419e-07
				,1
				,-1.3411e-07
				,8.9407e-08
				,1
				,-1.3411e-07
				,-2.38419e-07
				,1
				,-1.3411e-07
				,-2.38419e-07
				,1
				,2.38419e-07
				,1.63913e-07
				,-1
				,-2.38419e-07
				,1.63913e-07
				,-1
				,2.38419e-07
				,1.63913e-07
				,-1
				,2.38419e-07
				,1.63913e-07
				,-1
			]
			,"bitangents": [
				 1
				,-2.08616e-07
				,0
				,1
				,-1.19209e-07
				,0
				,1
				,-2.08616e-07
				,0
				,1
				,-2.08616e-07
				,0
				,5.66244e-07
				,1
				,-1.68754e-14
				,2.38419e-07
				,1
				,-7.10543e-15
				,5.66244e-07
				,1
				,-1.68754e-14
				,5.66244e-07
				,1
				,-1.68754e-14
				,2.98023e-07
				,1
				,1.33227e-14
				,2.98023e-07
				,1
				,-1.19904e-14
				,2.98023e-07
				,1
				,1.33227e-14
				,2.98023e-07
				,1
				,1.33227e-14
				,1
				,-2.83122e-07
				,-3.4639e-14
				,1
				,-2.83122e-07
				,3.4639e-14
				,1
				,-2.83122e-07
				,-3.4639e-14
				,1
				,-2.83122e-07
				,-3.4639e-14
				,-2.38419e-07
				,-1
				,-3.81165e-21
				,-2.38419e-07
				,-1
				,-3.9968e-15
				,-2.38419e-07
				,-1
				,-3.81165e-21
				,-2.38419e-07
				,-1
				,-3.81165e-21
				,1
				,-2.38419e-07
				,4.88497e-15
				,1
				,-2.38419e-07
				,-4.88497e-15
				,1
				,-2.38419e-07
				,4.88497e-15
				,1
				,-2.38419e-07
				,4.88497e-15
			]
			,"numuvcomponents": [
				 2
			]
			,"texturecoords": [
				[
					 0
					,0
					,1
					,0
					,1
					,1
					,0
					,1
					,0
					,0
					,1
					,0
					,1
					,1
					,0
					,1
					,0
					,0
					,1
					,0
					,1
					,1
					,0
					,1
					,0
					,0
					,1
					,0
					,1
					,1
					,0
					,1
					,0
					,0
					,1
					,0
					,1
					,1
					,0
					,1
					,0
					,0
					,1
					,0
					,1
					,1
					,0
					,1
				]
			]
			,"faces": [
				[
					 0
					,1
					,2
				]
				,[
					 0
					,2
					,3
				]
				,[
					 4
					,5
					,6
				]
				,[
					 4
					,6
					,7
				]
				,[
					 8
					,9
					,10
				]
				,[
					 8
					,10
					,11
				]
				,[
					 12
					,13
					,14
				]
				,[
					 12
					,14
					,15
				]
				,[
					 16
					,17
					,18
				]
				,[
					 16
					,18
					,19
				]
				,[
					 20
					,21
					,22
				]
				,[
					 20
					,22
					,23
				]
			]
		}
	]
	,"materials": [
		{
			 "properties": [
				{
					 "key": "?mat.name"
					,"semantic": 0
					,"index": 0
					,"type": 3
					,"value": "Material"
				}
				,{
					 "key": "$clr.diffuse"
					,"semantic": 0
					,"index": 0
					,"type": 1
					,"value": [
						 0.64
						,0.64
						,0.64
					]
				}
				,{
					 "key": "$clr.emissive"
					,"semantic": 0
					,"index": 0
					,"type": 1
					,"value": [
						 0
						,0
						,0
					]
				}
				,{
					 "key": "$clr.ambient"
					,"semantic": 0
					,"index": 0
					,"type": 1
					,"value": [
						 0
						,0
						,0
					]
				}
				,{
					 "key": "$clr.specular"
					,"semantic": 0
					,"index": 0
					,"type": 1
					,"value": [
						 0.25
						,0.25
						,0.25
					]
				}
				,{
					 "key": "$mat.shinpercent"
					,"semantic": 0
					,"index": 0
					,"type": 1
					,"value": 9.60784
				}
				,{
					 "key": "$mat.shininess"
					,"semantic": 0
					,"index": 0
					,"type": 1
					,"value": 9.60784
				}
			]
		}
	]
}
